Quantile,Quantile Loss,PICP
0.1,0.163034,0.1521
0.5,0.306365,0.3849
0.9,0.137693,0.7512
0.99,0.01956,0.9669
