Quantile,Quantile Loss,PICP
,0.094609,0.7142
,0.118337,0.7366
,0.117133,0.0049
,0.06054,0.0001
