Quantile,Quantile Loss,PICP
,0.066278,0.7738
,0.170524,0.1252
,0.063326,0.0166
,0.029351,0.0009
