feature,VIF
Lagged_Returns,1.0203170937611015
RSI,1.9591706865526732
SMA_20,1.9489232968709387
MACD,1.1182722832246212
